NO_PAI,NO,Abertura,PER,PROB
0,1,1,1,1.0
9,7,2,4,0.3333333
26,9,3,3,0.3333333
9,10,3,4,0.6666667
27,19,6,4,0.3333333
27,25,8,4,0.3333333
1,26,9,2,0.333
26,27,9,3,0.6666667
27,28,9,4,0.3333333
53,36,12,3,0.3333333
36,37,12,4,1.0
54,46,15,4,0.3333333
54,52,17,4,0.3333333
1,53,18,2,0.333
53,54,18,3,0.6666667
54,55,18,4,0.3333333
77,63,21,3,0.3333333
63,64,21,4,1.0
78,73,24,4,0.5
1,77,26,2,0.333
77,78,26,3,0.6666667
78,79,26,4,0.5
