NO_PAI,NO,Abertura,PER,PROB
0,1,1,1,1.0
1,83,1,2,0.4439999999999999
1,84,2,2,0.5549999999999999
83,85,1,3,0.4999998
83,86,2,3,0.4999998
84,87,1,3,0.4000001999999999
84,88,2,3,0.6
85,89,1,4,0.5000001000000001
85,90,2,4,0.5000001000000001
86,91,1,4,0.5000001000000001
86,92,2,4,0.5000001000000001
87,93,1,4,0.5000001000000001
87,94,2,4,0.5000001000000001
88,95,1,4,0.6666666
88,96,2,4,0.3333336
