NOME_UHE,NO,VAZAO
6,1,0.0
6,83,1885.2500000000005
6,84,909.2000000000003
6,85,1768.7499999999998
6,86,946.8000831399837
6,87,806.3333333333333
6,88,1256.6666666666665
6,89,1505.3333333333333
6,90,1042.0
6,91,1080.6666666666665
6,92,365.66666666666663
6,93,845.3333333333333
6,94,654.6666666666666
