NOME_UHE,NO,VAZAO
6,1,0.0
6,83,1214.0
6,84,2109.0
6,85,706.0
6,86,920.5000000000002
6,87,1884.0000000000005
6,88,1405.0000000000002
6,89,2381.0
6,90,652.5000000000001
6,91,1588.0
6,92,540.6666666666666
6,93,951.3333333333333
6,94,923.0
6,95,1361.0
6,96,924.75
6,97,1363.5
6,98,1253.5
6,99,1691.0
6,100,370.66666666666663
6,101,757.0
6,102,1169.0
6,103,730.5
