NO,PROBABILIDADE
1,1.0
3,1.0
4,1.0
22,0.3333333
25,0.3333333
28,0.3333333
31,0.3333333
34,0.3333333
37,0.3333333
58,0.3333333
61,0.3333333
64,0.3333333
83,0.296
84,0.33299999999999996
85,0.33299999999999996
86,0.037
87,0.625
88,0.375
89,0.3333333
90,0.6666666
91,0.3333333
92,0.6666666
93,0.4
94,0.4
95,0.2
96,0.3333334
97,0.5000001000000001
98,0.1666667
99,0.5000001000000001
100,0.3333334
101,0.1666667
