NOME_UHE,NO,VAZAO
6,1,0.0
6,4,1378.0
6,7,1691.0
6,10,1129.0
6,13,1128.0
6,16,1447.0
6,19,888.0
6,22,957.0
6,25,1280.0
6,28,726.0
6,31,1041.0
6,34,1361.0
6,37,805.0
6,58,842.0
6,61,1169.0
6,64,619.0
6,83,959.9999999999998
6,84,2109.0
6,85,786.5
6,86,1736.0000000000005
6,87,2381.0
6,88,1405.0000000000002
6,89,629.0
6,90,1110.0
6,91,385.25
6,92,781.0
6,93,938.0
6,94,570.5
