NO,PROBABILIDADE
1,1.0
4,0.3333333
7,0.3333333
9,0.3333333
10,0.3333333
13,0.3333333
16,0.3333333
18,0.3333333
19,0.3333333
22,0.3333333
25,0.3333333
26,0.333
27,0.3333333
28,0.3333333
31,0.3333333
34,0.3333333
36,0.3333333
37,0.3333333
40,0.3333333
43,0.3333333
45,0.3333333
46,0.3333333
52,0.3333333
53,0.333
54,0.3333333
55,0.6666667
58,0.3333333
61,0.3333333
62,0.111
63,1.0
64,0.3333333
70,0.1666667
73,0.3333333
79,0.1666667
80,0.222
81,1.0
82,0.3333333
