NO_PAI,NO,Abertura,PER,PROB
0,1,1,1,1.0
86,3,1,3,1.0
3,4,1,4,1.0
1,83,1,2,0.296
1,84,2,2,0.33299999999999996
1,85,3,2,0.33299999999999996
1,86,4,2,0.037
83,87,1,3,0.625
83,88,2,3,0.375
84,89,1,3,0.6666666
84,90,2,3,0.3333333
85,91,1,3,0.3333333
85,92,2,3,0.6666666
87,93,1,4,1.0
88,94,1,4,0.9999998999999999
89,95,1,4,1.0000002
90,96,1,4,0.9999998999999999
91,97,1,4,0.9999998999999999
92,98,1,4,1.0000002
