etapa,iter,miniIter,est,node,prob,ilha,Demanda,GT,GH,Deficit,CustoPresente,CustoFuturo
FW,4,0,1,1,1.0,1,30.0,20.0,9.999999999999998,0.0,250.0,231.63499999999993
FW,4,0,2,2,0.2333,1,45.0,15.0,30.0,0.0,150.0,0.0
FW,4,0,2,3,0.1666,1,45.0,25.0,20.0,0.0,400.0,0.0
FW,4,0,2,4,0.2,1,45.0,30.0,15.000000000000002,0.0,550.0,0.0
FW,4,0,2,5,0.2,1,45.0,10.0,35.0,0.0,100.0,0.0
FW,4,0,2,6,0.2,1,45.0,0.0,45.0,0.0,0.0,0.0
