iter,ZINF,ZSUP
1,100.0,1871.45
2,228.6645419291071,579.4196714305164
3,312.23178463963313,512.0642682959593
4,481.63499999999993,481.635
