iter,ZINF,ZSUP
1,-9.373479770147242e-9,6.439249657217085e6
2,0.0,4.253716586770524e6
3,2.763287401658216e6,5.461336657217039e6
4,5.411336657216966e6,5.542178398952835e6
5,5.411336657217164e6,5.423803157217121e6
6,5.411336657216968e6,5.414161157216869e6
7,5.411336657216692e6,5.411336657216651e6
