iter,est,no,usina,Indep,Coef
1,2,2,1,400.0,-30.0
1,2,3,1,3050.0,-500.0
1,2,4,1,5550.0,-500.0
1,2,5,1,250.0,-30.0
1,2,6,1,50.0,-10.0
1,1,1,1,228.6645419291071,-20.0
2,2,2,1,350.0,-20.0
2,2,3,1,700.0,-30.0
2,2,4,1,5550.0,-500.0
2,2,5,1,200.0,-10.0
2,2,6,1,0.0,0.0
2,1,1,1,312.23178463963313,-30.0
3,2,2,1,250.0,-10.0
3,2,3,1,700.0,-30.0
3,2,4,1,850.0,-30.0
3,2,5,1,200.0,-10.0
3,2,6,1,0.0,0.0
3,1,1,1,481.63499999999993,-30.0
