etapa,iter,miniIter,est,node,prob,nome,usina,generation,VI,AFL,TURB,VERT,VF
FW,4,0,1,1,1.0,UHE1,1,9.999999999999998,0.0,20.0,9.999999999999998,0.0,10.000000000000002
FW,4,0,2,2,0.2333,UHE1,1,30.0,10.000000000000002,20.0,30.0,0.0,0.0
FW,4,0,2,3,0.1666,UHE1,1,20.0,10.000000000000002,10.0,20.0,0.0,0.0
FW,4,0,2,4,0.2,UHE1,1,15.000000000000002,10.000000000000002,5.0,15.000000000000002,0.0,0.0
FW,4,0,2,5,0.2,UHE1,1,35.0,10.000000000000002,25.0,35.0,0.0,0.0
FW,4,0,2,6,0.2,UHE1,1,45.0,10.000000000000002,40.0,45.0,0.0,5.0
