NO,PROBABILIDADE
1,1.0
9,0.3333333
10,1.0
18,0.3333333
19,1.0
26,0.333
27,0.3333333
28,1.0
36,0.3333333
37,1.0
45,0.3333333
46,1.0
50,0.333
51,0.3333333
52,1.0
62,0.11099999999999999
63,1.0
64,1.0
71,0.222
72,1.0
73,1.0
