NOME_UHE,NO,VAZAO
6,1,0.0
6,83,2109.0
6,84,959.9999999999998
6,85,1730.333333333333
6,86,1102.9999999999995
6,87,1128.5
6,88,1691.0
6,89,857.0000000000001
6,90,1368.3333333333335
6,91,597.25
6,92,847.5000000000002
6,93,1170.25
6,94,385.25
