NOME_UHE,NO,VAZAO
6,1,0.0
6,83,2108.9999999999964
6,84,1010.0854863838407
6,85,924.235529390319
6,86,2143.776788760397
6,87,1780.0779561078116
6,88,845.692474784404
6,89,996.7475773669989
6,90,533.0386327911431
6,91,1036.5385480268376
6,92,1481.8776546209315
6,93,1218.9493057466843
6,94,737.7572038726064
6,95,467.53904862031493
6,96,962.2811321555911
