NOME_UHE,NO,VAZAO
6,1,0.0
6,83,2109.0
6,84,706.0
6,85,1214.0
6,86,2381.0
6,87,1405.0000000000002
6,88,652.5000000000001
6,89,1588.0
6,90,920.5000000000002
6,91,1884.0000000000005
6,92,1691.0
6,93,1253.5
6,94,857.0
6,95,1285.0
6,96,422.25
6,97,847.0
6,98,730.5
6,99,1169.0
6,100,600.75
6,101,1036.5
6,102,923.0
6,103,1361.0
