NOME_UHE,NO,VAZAO
6,1,0.0
6,83,1597.5714285714284
6,84,1068.857142857143
6,85,706.0000000000001
6,86,2109.0
6,87,812.2499810562476
6,88,2381.0
6,89,802.4999414624926
6,90,1884.0
6,91,744.7500161437521
6,92,1587.9999999999998
6,93,1157.0
6,94,1653.0
6,95,596.2499832750018
6,96,1399.3333333333335
6,97,613.7499668250034
6,98,1069.0
6,99,616.4999769500024
6,100,876.6666666666667
6,101,987.6666666666667
6,102,1154.3333333333335
