NO_PAI,NO,Abertura,PER,PROB
0,1,1,1,1.0
1,83,1,2,0.48099999999999987
1,84,2,2,0.5179999999999999
83,85,1,3,1.0000003
84,86,1,3,1.0000003999999998
85,87,1,4,0.23076929999999998
85,88,2,4,0.23076929999999998
85,89,3,4,0.23076929999999998
85,90,4,4,0.3076924
86,91,1,4,0.2857144
86,92,2,4,0.21428579999999997
86,93,3,4,0.2857144
86,94,4,4,0.21428579999999997
