iter,ZINF,ZSUP
1,23235.735735735736,23235.735735735736
