NO,PROBABILIDADE
1,1.0
4,0.3333333
7,0.3333333
9,0.5
10,0.3333333
13,0.3333333
16,0.3333333
18,0.375
19,0.3333333
22,0.3333333
25,0.3333333
26,0.222
27,0.5
28,0.3333333
31,0.3333333
34,0.3333333
36,0.5
37,0.3333333
40,0.3333333
43,0.3333333
45,0.4285714
46,0.3333333
52,0.2
53,0.296
54,0.625
55,0.4
58,0.3333333
61,0.3333333
62,0.222
63,0.5
64,0.3333333
70,0.25
73,0.4
79,0.25
80,0.259
81,0.5714286
82,0.5
