iter,est,node,ilha,Demanda,GT,GH,Deficit,CustoPresente
1,1,1,1,100.0,80.0,20.0,0.0,800.0
1,2,2,1,100.0,93.0,7.0,0.0,930.0
1,3,3,1,100.0,84.0,16.0,0.0,840.0
2,1,1,1,100.0,64.99475026248687,20.0,15.005249737513127,2150.4724763761815
2,2,2,1,100.0,93.0,7.0,0.0,930.0
2,3,3,1,100.0,84.0,16.0,0.0,840.0
