iter,est,node,ilha,Demanda,GT,GH,Deficit,CustoPresente
1,1,1,1,100.0,100.0,0.0,0.0,500.0
2,1,1,1,100.0,60.006000600060005,0.0,39.993999399939995,4599.459945994599
