iter,est,node,ilha,Demanda,GT,GH,Deficit,CustoPresente
1,1,1,1,150.0,150.0,0.0,0.0,1000.0
2,1,1,1,150.0,59.99550044986502,0.0,90.00449955013498,739.9595040487851
