iter,est,node,ilha,Demanda,GT,GH,Deficit,CustoPresente
1,1,1,1,900.0,900.0,0.0,0.0,22500.0
2,1,1,1,900.0,900.0,0.0,9.932412745155475e-15,26930.603448275873
