iter,est,node,ilha,codigoBarra,generation,demanda,potenciaLiquida,deficit
1,1,1,1,1,100.0,0.0,100.0,0.0
1,1,1,1,2,50.0,0.0,50.0,0.0
1,1,1,1,3,0.0,0.0,0.0,0.0
1,1,1,1,4,0.0,75.0,-75.0,0.0
1,1,1,1,5,0.0,75.0,-75.0,0.0
2,1,1,1,1,9.999999999999996,0.0,9.999999999999996,0.0
2,1,1,1,2,29.995500449865023,0.0,29.995500449865023,0.0
2,1,1,1,3,20.0,0.0,20.0,0.0
2,1,1,1,4,0.0,75.0,-19.997000599880025,55.002999400119975
2,1,1,1,5,0.0,75.0,-39.998499849984995,35.001500150015005
