iter,est,node,ilha,codigoBarra,generation,demanda,potenciaLiquida
1,1,1,1,1,80.0,0.0,80.0
1,1,1,1,2,20.0,0.0,20.0
1,1,1,1,3,0.0,100.0,-100.0
2,1,1,1,1,37.993699369937,0.0,37.993699369937
2,1,1,1,2,62.006300630063,0.0,62.006300630063
2,1,1,1,3,0.0,100.0,-100.0
