iter,est,node,nome,usina,generation
1,1,1,TERM1,1,100.0
1,1,1,TERM2,2,50.0
1,1,1,TERM3,3,0.0
2,1,1,TERM1,1,9.999999999999996
2,1,1,TERM2,2,29.995500449865023
2,1,1,TERM3,3,20.0
