iter,est,no,usina,Indep,Coef
1,4,46,6,33080.0,-30.0
1,4,64,6,31429.999999999993,-30.0
1,4,52,6,21110.0,-30.0
1,4,73,6,38420.00000000001,-30.0
1,4,19,6,23360.0,-30.0
1,4,28,6,28220.0,-30.0
1,4,10,6,16130.000000000002,-30.0
1,4,37,6,25850.000000000004,-30.0
1,3,76,6,68935.0,-30.0
1,3,77,6,61470.000577,-30.0
1,3,78,6,61750.0,-30.0
1,3,79,6,47560.0,-30.0
1,2,74,6,93276.0003462,-30.000000000000004
1,2,75,6,90615.0,-30.0
1,1,1,6,142001.24019214098,-30.0
