NOME_UHE,NO,VAZAO
6,1,0.0
6,83,959.9999999999998
6,84,2109.0
6,85,669.6666666666667
6,86,1536.3333333333337
6,87,2381.0
6,88,1405.0000000000002
6,89,457.83333333333337
6,90,885.6666666666669
6,91,722.2
6,92,1170.25
6,93,1253.5
6,94,1691.0
6,95,857.0
6,96,1285.0
