NO_PAI,NO,Abertura,PER,PROB
0,1,1,1,1.0
1,83,1,2,0.48099999999999987
1,84,2,2,0.5179999999999999
83,85,1,3,0.5384617
83,86,2,3,0.4615386
84,87,1,3,0.5000002
84,88,2,3,0.5000002
85,89,1,4,0.4285713
85,90,2,4,0.5714284
86,91,1,4,0.5000001000000001
86,92,2,4,0.5000001000000001
87,93,1,4,0.4285713
87,94,2,4,0.5714284
88,95,1,4,0.5714284
88,96,2,4,0.4285713
