NO_PAI,NO,Abertura,PER,PROB
0,1,1,1,1.0
1,8,3,2,0.11099999999999999
8,9,3,3,1.0
9,10,3,4,1.0
1,17,6,2,0.11099999999999999
17,18,6,3,1.0
18,19,6,4,1.0
1,26,9,2,0.11099999999999999
26,27,9,3,1.0
27,28,9,4,1.0
1,35,12,2,0.11099999999999999
35,36,12,3,1.0
36,37,12,4,1.0
1,44,15,2,0.11099999999999999
44,45,15,3,1.0
45,46,15,4,1.0
1,50,17,2,0.11099999999999999
50,51,17,3,1.0
51,52,17,4,1.0
1,62,21,2,0.11099999999999999
62,63,21,3,1.0
63,64,21,4,1.0
1,71,24,2,0.222
71,72,24,3,1.0
72,73,24,4,1.0
