NO,PROBABILIDADE
1,1.0
4,0.1666667
7,0.1666667
10,0.1666667
13,0.1666667
16,0.1666667
19,0.1666667
22,0.1666667
25,0.1666667
28,0.1666667
31,0.1666667
34,0.1666667
37,0.1666667
40,0.1666667
43,0.1666667
46,0.1666667
52,0.1111112
55,0.2222222
58,0.1666667
61,0.1666667
64,0.1666667
70,0.1111112
73,0.2222222
79,0.1111112
82,0.2222222
83,0.4439999999999999
84,0.5549999999999999
85,0.4999998
86,0.4999998
87,0.4000001999999999
88,0.6
