NO,PROBABILIDADE
1,1.0
9,0.5
10,0.5
19,0.5
26,0.444
27,0.5
28,0.5
37,0.5
46,0.3333333
52,0.5
63,0.4
64,0.5
71,0.555
72,0.6
73,0.6666667
