NO_PAI,NO,Abertura,PER,PROB
0,1,1,1,1.0
26,9,3,3,0.3333333
9,10,3,4,1.0
26,18,6,3,0.3333333
18,19,6,4,1.0
1,26,9,2,0.333
26,27,9,3,0.3333333
27,28,9,4,1.0
50,36,12,3,0.3333333
36,37,12,4,1.0
50,45,15,3,0.3333333
45,46,15,4,1.0
1,50,17,2,0.333
50,51,17,3,0.3333333
51,52,17,4,1.0
1,62,21,2,0.11099999999999999
62,63,21,3,1.0
63,64,21,4,1.0
1,71,24,2,0.222
71,72,24,3,1.0
72,73,24,4,1.0
