NO,PROBABILIDADE
1,1.0
83,0.4439999999999999
84,0.5549999999999999
85,0.4999998
86,0.4999998
87,0.4000001999999999
88,0.6
89,0.5000001000000001
90,0.5000001000000001
91,0.5000001000000001
92,0.5000001000000001
93,0.5000001000000001
94,0.5000001000000001
95,0.6666666
96,0.3333336
