NO,PROBABILIDADE
1,1.0
4,0.3333333
7,0.3333333
9,0.3333333
10,0.3333333
13,0.3333333
16,0.3333333
18,0.3333333
19,0.3333333
22,0.3333333
25,0.3333333
26,0.333
27,0.3333333
28,0.3333333
31,0.3333333
34,0.3333333
36,0.3333333
37,0.3333333
40,0.3333333
43,0.3333333
45,0.3333333
46,0.3333333
52,0.3333333
53,0.333
54,0.3333333
55,0.6666667
58,0.5
60,0.5
61,0.5
63,0.25
64,1.0
68,0.148
69,0.25
70,1.0
71,0.074
72,1.0
73,1.0
77,0.037
78,1.0
79,1.0
80,0.074
81,1.0
82,1.0
