NOME_UHE,NO,VAZAO
6,1,0.0
6,31,1041.0
6,34,1361.0
6,37,805.0
6,40,781.0
6,43,1110.0
6,46,564.0
6,49,629.0
6,52,963.0
6,55,429.0
6,58,842.0
6,61,1169.0
6,64,619.0
6,67,577.0
6,70,913.0
6,73,386.0
6,76,444.0
6,79,781.0
6,82,282.0
6,83,959.9999999999999
6,84,705.9999999999999
6,85,1213.9999999999998
6,86,2109.0
6,87,1587.9999999999998
6,88,1884.0
6,89,837.0
6,90,468.0
6,91,704.0
6,92,1137.0
6,93,1355.4
6,94,2199.0
6,95,1363.5
6,96,726.0
6,97,922.5
6,98,1691.0
6,99,1128.5
6,100,1378.0
