NOME_UHE,NO,VAZAO
6,1,0.0
6,4,1378.0
6,7,1691.0
6,10,1129.0
6,13,1128.0
6,16,1447.0
6,19,888.0
6,22,957.0
6,25,1280.0
6,28,726.0
6,31,1041.0
6,34,1361.0
6,37,805.0
6,40,781.0
6,43,1110.0
6,46,564.0
6,52,963.0
6,55,429.0
6,58,842.0
6,61,1169.0
6,64,619.0
6,70,913.0
6,73,386.0
6,79,781.0
6,82,282.0
6,83,1885.2500000000005
6,84,909.2000000000003
6,85,1404.9999999999998
6,86,2132.5
6,87,1362.5000000000002
6,88,669.6666666666667
