NOME_UHE,NO,VAZAO
6,1,0.0
6,83,2109.0
6,84,959.9999999999998
6,85,1405.0000000000002
6,86,2381.0
6,87,786.5
6,88,1736.0000000000005
6,89,1285.0
6,90,857.0
6,91,1691.0
6,92,1253.5
6,93,473.00000000000006
6,94,909.6000000000001
6,95,755.3333333333333
6,96,1190.3333333333333
