NO_PAI,NO,Abertura,PER,PROB
0,1,1,1,1.0
26,9,3,3,0.5
9,10,3,4,1.0
50,18,6,3,0.5
18,19,6,4,1.0
1,26,9,2,0.222
26,27,9,3,0.5
27,28,9,4,1.0
62,36,12,3,0.5
36,37,12,4,1.0
71,45,15,3,0.3333333
45,46,15,4,1.0
1,50,17,2,0.222
50,51,17,3,0.5
51,52,17,4,1.0
1,62,21,2,0.222
62,63,21,3,0.5
63,64,21,4,1.0
1,71,24,2,0.333
71,72,24,3,0.6666667
72,73,24,4,1.0
